
{
  "ID": 43,
  "Name": "Alps",
  "Resource Location": "biomesoplenty:alps",
  "Class": "biomesoplenty.common.biome.overworld.BiomeGenAlps",
  "Root Height": 7.8235292,
  "Height Variation": 0.23125,
  "Top Block": "minecraft:snow",
  "Filler Block": "minecraft:snow",
  "Ocean Top Block": "Disabled. Activate in BiomeTweakerCore.",
  "Ocean Filler Block": "Disabled. Activate in BiomeTweakerCore.",
  "Actual Filler Blocks": "Disabled. Activate in BiomeTweakerCore.",
  "Grass Color": "Disabled. Activate in BiomeTweakerCore.",
  "Foliage Color": "Disabled. Activate in BiomeTweakerCore.",
  "Water Color": "16777215",
  "Temperature": -0.25,
  "Humidity": 0.3,
  "Water Tint": 16777215,
  "Enable Rain": true,
  "Enable Snow": true,
  "Dictionary Types": [
    "SNOWY",
    "MOUNTAIN",
    "COLD",
    "DRY"
  ],
  "BiomeManager Entries": {},
  "Spawnable Creatures": [
    {
      "Entity Class": "com.animania.common.entities.pigs.PigHampshire$EntitySowHampshire",
      "Weight": 9,
      "Min Group Count": 2,
      "Max Group Count": 2
    },
    {
      "Entity Class": "com.animania.common.entities.chickens.ChickenPlymouthRock$EntityHenPlymouthRock",
      "Weight": 9,
      "Min Group Count": 2,
      "Max Group Count": 2
    },
    {
      "Entity Class": "com.animania.common.entities.cows.CowHereford$EntityCowHereford",
      "Weight": 9,
      "Min Group Count": 2,
      "Max Group Count": 2
    },
    {
      "Entity Class": "com.animania.common.entities.cows.CowHighland$EntityCowHighland",
      "Weight": 9,
      "Min Group Count": 2,
      "Max Group Count": 2
    },
    {
      "Entity Class": "com.animania.common.entities.goats.GoatAlpine$EntityDoeAlpine",
      "Weight": 8,
      "Min Group Count": 2,
      "Max Group Count": 2
    },
    {
      "Entity Class": "com.animania.common.entities.goats.GoatKiko$EntityDoeKiko",
      "Weight": 8,
      "Min Group Count": 2,
      "Max Group Count": 2
    },
    {
      "Entity Class": "com.animania.common.entities.rodents.rabbits.RabbitHavana$EntityRabbitDoeHavana",
      "Weight": 8,
      "Min Group Count": 2,
      "Max Group Count": 2
    }
  ],
  "Spawnable Monsters": [
    {
      "Entity Class": "net.minecraft.entity.monster.EntitySpider",
      "Weight": 100,
      "Min Group Count": 4,
      "Max Group Count": 4
    },
    {
      "Entity Class": "net.minecraft.entity.monster.EntityZombie",
      "Weight": 95,
      "Min Group Count": 4,
      "Max Group Count": 4
    },
    {
      "Entity Class": "net.minecraft.entity.monster.EntityZombieVillager",
      "Weight": 5,
      "Min Group Count": 1,
      "Max Group Count": 1
    },
    {
      "Entity Class": "net.minecraft.entity.monster.EntitySkeleton",
      "Weight": 100,
      "Min Group Count": 4,
      "Max Group Count": 4
    },
    {
      "Entity Class": "net.minecraft.entity.monster.EntityCreeper",
      "Weight": 100,
      "Min Group Count": 4,
      "Max Group Count": 4
    },
    {
      "Entity Class": "net.minecraft.entity.monster.EntitySlime",
      "Weight": 100,
      "Min Group Count": 4,
      "Max Group Count": 4
    },
    {
      "Entity Class": "net.minecraft.entity.monster.EntityEnderman",
      "Weight": 10,
      "Min Group Count": 1,
      "Max Group Count": 4
    },
    {
      "Entity Class": "vazkii.quark.world.entity.EntityStoneling",
      "Weight": 80,
      "Min Group Count": 1,
      "Max Group Count": 1
    },
    {
      "Entity Class": "vazkii.quark.world.entity.EntityDweller",
      "Weight": 30,
      "Min Group Count": 1,
      "Max Group Count": 2
    },
    {
      "Entity Class": "vazkii.quark.world.entity.EntityAshen",
      "Weight": 30,
      "Min Group Count": 1,
      "Max Group Count": 2
    },
    {
      "Entity Class": "betterwithaddons.entity.EntityKarateZombie",
      "Weight": 40,
      "Min Group Count": 1,
      "Max Group Count": 4
    },
    {
      "Entity Class": "com.github.alexthe666.iceandfire.entity.EntityTroll",
      "Weight": 40,
      "Min Group Count": 1,
      "Max Group Count": 1
    },
    {
      "Entity Class": "com.github.alexthe666.iceandfire.entity.EntityTroll",
      "Weight": 40,
      "Min Group Count": 1,
      "Max Group Count": 1
    },
    {
      "Entity Class": "com.github.alexthe666.rats.server.entity.EntityRat",
      "Weight": 80,
      "Min Group Count": 1,
      "Max Group Count": 3
    },
    {
      "Entity Class": "com.github.alexthe666.rats.server.entity.EntityIllagerPiper",
      "Weight": 6,
      "Min Group Count": 1,
      "Max Group Count": 1
    },
    {
      "Entity Class": "com.bobmowzie.mowziesmobs.server.entity.frostmaw.EntityFrostmaw",
      "Weight": 1,
      "Min Group Count": 1,
      "Max Group Count": 1
    },
    {
      "Entity Class": "com.bobmowzie.mowziesmobs.server.entity.grottol.EntityGrottol",
      "Weight": 2,
      "Min Group Count": 1,
      "Max Group Count": 1
    }
  ],
  "Spawnable Water Creatures": [
    {
      "Entity Class": "net.minecraft.entity.passive.EntitySquid",
      "Weight": 10,
      "Min Group Count": 4,
      "Max Group Count": 4
    }
  ],
  "Spawnable Cave Creatures": [
    {
      "Entity Class": "net.minecraft.entity.passive.EntityBat",
      "Weight": 10,
      "Min Group Count": 8,
      "Max Group Count": 8
    }
  ],
  "Spawn Biome": false,
  "Tweaked": false,
  "BOP Generators": {
    "FLOWERS Generators": [
      {
        "ID": "flora",
        "Name": "glowshrooms"
      },
      {
        "ID": "flora",
        "Name": "miners_delight"
      },
      {
        "ID": "flora",
        "Name": "roots"
      }
    ],
    "SAND Generators": [
      {
        "ID": "ore_single",
        "Name": "emeralds"
      }
    ]
  },
  "BOP Owner": "BIOMESOPLENTY",
  "BOP Weight Map": {
    "ICE_CAP": 5,
    "TUNDRA": 3
  },
  "BOP Climate Weights": {
    "ICE_CAP": [
      5
    ],
    "TUNDRA": [
      3
    ]
  },
  "BOP Island Weight": 0
}