
{
  "ID": 109,
  "Name": "Fungi Forest",
  "Resource Location": "biomesoplenty:fungi_forest",
  "Class": "biomesoplenty.common.biome.nether.BiomeFungiForest",
  "Root Height": 0.1,
  "Height Variation": 0.2,
  "Top Block": "minecraft:netherrack",
  "Filler Block": "minecraft:netherrack",
  "Ocean Top Block": "Disabled. Activate in BiomeTweakerCore.",
  "Ocean Filler Block": "Disabled. Activate in BiomeTweakerCore.",
  "Actual Filler Blocks": "Disabled. Activate in BiomeTweakerCore.",
  "Grass Color": "Disabled. Activate in BiomeTweakerCore.",
  "Foliage Color": "Disabled. Activate in BiomeTweakerCore.",
  "Water Color": "16777215",
  "Temperature": 2.0,
  "Humidity": 0.0,
  "Water Tint": 16777215,
  "Enable Rain": false,
  "Enable Snow": false,
  "Dictionary Types": [
    "DENSE",
    "NETHER",
    "HOT",
    "MUSHROOM"
  ],
  "BiomeManager Entries": {},
  "Spawnable Creatures": [
    {
      "Entity Class": "com.animania.common.entities.pigs.PigLargeBlack$EntitySowLargeBlack",
      "Weight": 9,
      "Min Group Count": 2,
      "Max Group Count": 2
    },
    {
      "Entity Class": "com.animania.common.entities.cows.CowMooshroom$EntityCowMooshroom",
      "Weight": 9,
      "Min Group Count": 2,
      "Max Group Count": 2
    },
    {
      "Entity Class": "com.bewitchment.common.entity.living.EntityOwl",
      "Weight": 20,
      "Min Group Count": 1,
      "Max Group Count": 4
    }
  ],
  "Spawnable Monsters": [
    {
      "Entity Class": "net.minecraft.entity.monster.EntityGhast",
      "Weight": 50,
      "Min Group Count": 4,
      "Max Group Count": 4
    },
    {
      "Entity Class": "net.minecraft.entity.monster.EntityPigZombie",
      "Weight": 100,
      "Min Group Count": 4,
      "Max Group Count": 4
    },
    {
      "Entity Class": "net.minecraft.entity.monster.EntityMagmaCube",
      "Weight": 2,
      "Min Group Count": 4,
      "Max Group Count": 4
    },
    {
      "Entity Class": "net.minecraft.entity.monster.EntityEnderman",
      "Weight": 1,
      "Min Group Count": 4,
      "Max Group Count": 4
    },
    {
      "Entity Class": "com.bewitchment.common.entity.spirit.demon.EntityHellhound",
      "Weight": 6,
      "Min Group Count": 1,
      "Max Group Count": 4
    },
    {
      "Entity Class": "com.bewitchment.common.entity.spirit.demon.EntitySerpent",
      "Weight": 6,
      "Min Group Count": 1,
      "Max Group Count": 4
    },
    {
      "Entity Class": "net.minecraft.entity.monster.EntityBlaze",
      "Weight": 5,
      "Min Group Count": 1,
      "Max Group Count": 2
    },
    {
      "Entity Class": "vazkii.quark.world.entity.EntityFoxhound",
      "Weight": 10,
      "Min Group Count": 1,
      "Max Group Count": 2
    },
    {
      "Entity Class": "vazkii.quark.world.entity.EntityWraith",
      "Weight": 60,
      "Min Group Count": 4,
      "Max Group Count": 6
    },
    {
      "Entity Class": "thaumcraft.common.entities.monster.EntityFireBat",
      "Weight": 10,
      "Min Group Count": 1,
      "Max Group Count": 2
    },
    {
      "Entity Class": "thaumcraft.common.entities.monster.EntityWisp",
      "Weight": 5,
      "Min Group Count": 1,
      "Max Group Count": 1
    }
  ],
  "Spawnable Water Creatures": [],
  "Spawnable Cave Creatures": [],
  "Spawn Biome": false,
  "Tweaked": false,
  "BOP Generators": {
    "PRE Generators": [
      {
        "ID": "hive",
        "Name": "hive"
      }
    ],
    "BIG_SHROOM Generators": [
      {
        "ID": "big_mushrooms",
        "Name": "big_brown_mushroom"
      },
      {
        "ID": "big_mushrooms",
        "Name": "big_red_mushroom"
      }
    ],
    "SHROOM Generators": [
      {
        "ID": "flora",
        "Name": "glowshroom"
      },
      {
        "ID": "flora",
        "Name": "brown_mushrooms"
      },
      {
        "ID": "flora",
        "Name": "red_mushrooms"
      },
      {
        "ID": "flora",
        "Name": "flat_mushroom"
      },
      {
        "ID": "flora",
        "Name": "toadstools"
      }
    ]
  },
  "BOP Owner": "BIOMESOPLENTY",
  "BOP Weight Map": {
    "HELL": 5
  },
  "BOP Climate Weights": {
    "HELL": [
      5
    ]
  },
  "BOP Island Weight": 0
}