
{
  "ID": 100,
  "Name": "Oasis",
  "Resource Location": "biomesoplenty:oasis",
  "Class": "biomesoplenty.common.biome.overworld.BiomeGenOasis",
  "Root Height": -0.1764706,
  "Height Variation": 0.025,
  "Top Block": "minecraft:sand[variant\u003dsand]",
  "Filler Block": "minecraft:sand[variant\u003dsand]",
  "Ocean Top Block": "Disabled. Activate in BiomeTweakerCore.",
  "Ocean Filler Block": "Disabled. Activate in BiomeTweakerCore.",
  "Actual Filler Blocks": "Disabled. Activate in BiomeTweakerCore.",
  "Grass Color": "Disabled. Activate in BiomeTweakerCore.",
  "Foliage Color": "Disabled. Activate in BiomeTweakerCore.",
  "Water Color": "16777215",
  "Temperature": 2.0,
  "Humidity": 0.5,
  "Water Tint": 16777215,
  "Enable Rain": false,
  "Enable Snow": false,
  "Dictionary Types": [
    "SANDY",
    "JUNGLE",
    "SPARSE",
    "HOT",
    "LUSH",
    "WET"
  ],
  "BiomeManager Entries": {},
  "Spawnable Creatures": [
    {
      "Entity Class": "net.minecraft.entity.passive.EntitySheep",
      "Weight": 12,
      "Min Group Count": 4,
      "Max Group Count": 4
    },
    {
      "Entity Class": "net.minecraft.entity.passive.EntityPig",
      "Weight": 10,
      "Min Group Count": 4,
      "Max Group Count": 4
    },
    {
      "Entity Class": "net.minecraft.entity.passive.EntityChicken",
      "Weight": 10,
      "Min Group Count": 4,
      "Max Group Count": 4
    },
    {
      "Entity Class": "net.minecraft.entity.passive.EntityCow",
      "Weight": 8,
      "Min Group Count": 4,
      "Max Group Count": 4
    },
    {
      "Entity Class": "net.minecraft.entity.passive.EntityRabbit",
      "Weight": 4,
      "Min Group Count": 2,
      "Max Group Count": 3
    },
    {
      "Entity Class": "com.animania.common.entities.rodents.EntityHamster",
      "Weight": 8,
      "Min Group Count": 1,
      "Max Group Count": 2
    },
    {
      "Entity Class": "com.animania.common.entities.pigs.PigDuroc$EntitySowDuroc",
      "Weight": 9,
      "Min Group Count": 2,
      "Max Group Count": 2
    },
    {
      "Entity Class": "com.animania.common.entities.chickens.ChickenOrpington$EntityHenOrpington",
      "Weight": 9,
      "Min Group Count": 2,
      "Max Group Count": 2
    },
    {
      "Entity Class": "com.animania.common.entities.cows.CowAngus$EntityCowAngus",
      "Weight": 9,
      "Min Group Count": 2,
      "Max Group Count": 2
    },
    {
      "Entity Class": "com.animania.common.entities.amphibians.EntityDartFrogs",
      "Weight": 18,
      "Min Group Count": 2,
      "Max Group Count": 2
    },
    {
      "Entity Class": "com.animania.common.entities.goats.GoatNigerianDwarf$EntityDoeNigerianDwarf",
      "Weight": 8,
      "Min Group Count": 2,
      "Max Group Count": 2
    },
    {
      "Entity Class": "com.animania.common.entities.rodents.rabbits.RabbitJack$EntityRabbitDoeJack",
      "Weight": 8,
      "Min Group Count": 2,
      "Max Group Count": 2
    },
    {
      "Entity Class": "com.animania.common.entities.peacocks.PeafowlCharcoal$EntityPeacockCharcoal",
      "Weight": 8,
      "Min Group Count": 1,
      "Max Group Count": 2
    },
    {
      "Entity Class": "com.animania.common.entities.peacocks.PeafowlCharcoal$EntityPeafowlCharcoal",
      "Weight": 8,
      "Min Group Count": 1,
      "Max Group Count": 2
    },
    {
      "Entity Class": "com.animania.common.entities.peacocks.PeafowlCharcoal$EntityPeachickCharcoal",
      "Weight": 4,
      "Min Group Count": 1,
      "Max Group Count": 2
    },
    {
      "Entity Class": "com.animania.common.entities.peacocks.PeafowlOpal$EntityPeacockOpal",
      "Weight": 8,
      "Min Group Count": 1,
      "Max Group Count": 2
    },
    {
      "Entity Class": "com.animania.common.entities.peacocks.PeafowlOpal$EntityPeafowlOpal",
      "Weight": 8,
      "Min Group Count": 1,
      "Max Group Count": 2
    },
    {
      "Entity Class": "com.animania.common.entities.peacocks.PeafowlOpal$EntityPeachickOpal",
      "Weight": 4,
      "Min Group Count": 1,
      "Max Group Count": 2
    },
    {
      "Entity Class": "com.animania.common.entities.peacocks.PeafowlPeach$EntityPeacockPeach",
      "Weight": 8,
      "Min Group Count": 1,
      "Max Group Count": 2
    },
    {
      "Entity Class": "com.animania.common.entities.peacocks.PeafowlPeach$EntityPeafowlPeach",
      "Weight": 8,
      "Min Group Count": 1,
      "Max Group Count": 2
    },
    {
      "Entity Class": "com.animania.common.entities.peacocks.PeafowlPeach$EntityPeachickPeach",
      "Weight": 4,
      "Min Group Count": 1,
      "Max Group Count": 2
    },
    {
      "Entity Class": "com.animania.common.entities.peacocks.PeafowlPurple$EntityPeacockPurple",
      "Weight": 8,
      "Min Group Count": 1,
      "Max Group Count": 2
    },
    {
      "Entity Class": "com.animania.common.entities.peacocks.PeafowlPurple$EntityPeafowlPurple",
      "Weight": 8,
      "Min Group Count": 1,
      "Max Group Count": 2
    },
    {
      "Entity Class": "com.animania.common.entities.peacocks.PeafowlPurple$EntityPeachickPurple",
      "Weight": 4,
      "Min Group Count": 1,
      "Max Group Count": 2
    },
    {
      "Entity Class": "com.animania.common.entities.peacocks.PeafowlTaupe$EntityPeacockTaupe",
      "Weight": 8,
      "Min Group Count": 1,
      "Max Group Count": 2
    },
    {
      "Entity Class": "com.animania.common.entities.peacocks.PeafowlTaupe$EntityPeafowlTaupe",
      "Weight": 8,
      "Min Group Count": 1,
      "Max Group Count": 2
    },
    {
      "Entity Class": "com.animania.common.entities.peacocks.PeafowlTaupe$EntityPeachickTaupe",
      "Weight": 4,
      "Min Group Count": 1,
      "Max Group Count": 2
    },
    {
      "Entity Class": "com.animania.common.entities.peacocks.PeafowlBlue$EntityPeacockBlue",
      "Weight": 8,
      "Min Group Count": 2,
      "Max Group Count": 2
    },
    {
      "Entity Class": "com.animania.common.entities.peacocks.PeafowlBlue$EntityPeafowlBlue",
      "Weight": 8,
      "Min Group Count": 2,
      "Max Group Count": 2
    },
    {
      "Entity Class": "com.animania.common.entities.peacocks.PeafowlBlue$EntityPeachickBlue",
      "Weight": 4,
      "Min Group Count": 2,
      "Max Group Count": 2
    },
    {
      "Entity Class": "com.animania.common.entities.peacocks.PeafowlWhite$EntityPeacockWhite",
      "Weight": 8,
      "Min Group Count": 2,
      "Max Group Count": 2
    },
    {
      "Entity Class": "com.animania.common.entities.peacocks.PeafowlWhite$EntityPeafowlWhite",
      "Weight": 8,
      "Min Group Count": 2,
      "Max Group Count": 2
    },
    {
      "Entity Class": "com.animania.common.entities.peacocks.PeafowlWhite$EntityPeachickWhite",
      "Weight": 4,
      "Min Group Count": 2,
      "Max Group Count": 2
    },
    {
      "Entity Class": "com.github.alexthe666.iceandfire.entity.EntityAmphithere",
      "Weight": 5,
      "Min Group Count": 1,
      "Max Group Count": 3
    }
  ],
  "Spawnable Monsters": [
    {
      "Entity Class": "net.minecraft.entity.monster.EntitySpider",
      "Weight": 100,
      "Min Group Count": 4,
      "Max Group Count": 4
    },
    {
      "Entity Class": "net.minecraft.entity.monster.EntityZombie",
      "Weight": 95,
      "Min Group Count": 4,
      "Max Group Count": 4
    },
    {
      "Entity Class": "net.minecraft.entity.monster.EntityZombieVillager",
      "Weight": 5,
      "Min Group Count": 1,
      "Max Group Count": 1
    },
    {
      "Entity Class": "net.minecraft.entity.monster.EntitySkeleton",
      "Weight": 100,
      "Min Group Count": 4,
      "Max Group Count": 4
    },
    {
      "Entity Class": "net.minecraft.entity.monster.EntityCreeper",
      "Weight": 100,
      "Min Group Count": 4,
      "Max Group Count": 4
    },
    {
      "Entity Class": "net.minecraft.entity.monster.EntitySlime",
      "Weight": 100,
      "Min Group Count": 4,
      "Max Group Count": 4
    },
    {
      "Entity Class": "net.minecraft.entity.monster.EntityEnderman",
      "Weight": 10,
      "Min Group Count": 1,
      "Max Group Count": 4
    },
    {
      "Entity Class": "vazkii.quark.world.entity.EntityStoneling",
      "Weight": 80,
      "Min Group Count": 1,
      "Max Group Count": 1
    },
    {
      "Entity Class": "vazkii.quark.world.entity.EntityDweller",
      "Weight": 30,
      "Min Group Count": 1,
      "Max Group Count": 2
    },
    {
      "Entity Class": "vazkii.quark.world.entity.EntityAshen",
      "Weight": 30,
      "Min Group Count": 1,
      "Max Group Count": 2
    },
    {
      "Entity Class": "betterwithaddons.entity.EntityKarateZombie",
      "Weight": 40,
      "Min Group Count": 1,
      "Max Group Count": 4
    },
    {
      "Entity Class": "com.github.alexthe666.rats.server.entity.EntityRat",
      "Weight": 80,
      "Min Group Count": 1,
      "Max Group Count": 3
    },
    {
      "Entity Class": "com.github.alexthe666.rats.server.entity.EntityIllagerPiper",
      "Weight": 6,
      "Min Group Count": 1,
      "Max Group Count": 1
    },
    {
      "Entity Class": "betterwithmods.common.entity.EntityJungleSpider",
      "Weight": 100,
      "Min Group Count": 1,
      "Max Group Count": 3
    },
    {
      "Entity Class": "com.bobmowzie.mowziesmobs.server.entity.foliaath.EntityFoliaath",
      "Weight": 20,
      "Min Group Count": 1,
      "Max Group Count": 3
    },
    {
      "Entity Class": "com.bobmowzie.mowziesmobs.server.entity.grottol.EntityGrottol",
      "Weight": 2,
      "Min Group Count": 1,
      "Max Group Count": 1
    }
  ],
  "Spawnable Water Creatures": [
    {
      "Entity Class": "net.minecraft.entity.passive.EntitySquid",
      "Weight": 10,
      "Min Group Count": 4,
      "Max Group Count": 4
    }
  ],
  "Spawnable Cave Creatures": [
    {
      "Entity Class": "net.minecraft.entity.passive.EntityBat",
      "Weight": 10,
      "Min Group Count": 8,
      "Max Group Count": 8
    }
  ],
  "Spawn Biome": false,
  "Tweaked": false,
  "BOP Generators": {
    "FLOWERS Generators": [
      {
        "ID": "flora",
        "Name": "glowshrooms"
      },
      {
        "ID": "flora",
        "Name": "tiny_cacti"
      },
      {
        "ID": "flora",
        "Name": "miners_delight"
      },
      {
        "ID": "columns",
        "Name": "sugar_cane"
      },
      {
        "ID": "flora",
        "Name": "desert_sprouts"
      },
      {
        "ID": "flora",
        "Name": "bromeliad"
      },
      {
        "ID": "flora",
        "Name": "roots"
      }
    ],
    "GRASS Generators": [
      {
        "ID": "grass",
        "Name": "dunegrass"
      },
      {
        "ID": "grass",
        "Name": "desertgrass"
      }
    ],
    "SAND Generators": [
      {
        "ID": "ore_single",
        "Name": "ruby"
      }
    ],
    "TREE Generators": [
      {
        "ID": "weighted",
        "Name": "trees"
      }
    ]
  },
  "BOP Owner": "BIOMESOPLENTY",
  "BOP Weight Map": {},
  "BOP Climate Weights": {},
  "BOP Island Weight": 0
}