
{
  "ID": 87,
  "Name": "Steppe",
  "Resource Location": "biomesoplenty:steppe",
  "Class": "biomesoplenty.common.biome.overworld.BiomeGenSteppe",
  "Root Height": 1.4705882,
  "Height Variation": 0.10625,
  "Top Block": "biomesoplenty:grass[snowy\u003dfalse,variant\u003dsandy]",
  "Filler Block": "biomesoplenty:dirt[coarse\u003dfalse,variant\u003dsandy]",
  "Ocean Top Block": "Disabled. Activate in BiomeTweakerCore.",
  "Ocean Filler Block": "Disabled. Activate in BiomeTweakerCore.",
  "Actual Filler Blocks": "Disabled. Activate in BiomeTweakerCore.",
  "Grass Color": "Disabled. Activate in BiomeTweakerCore.",
  "Foliage Color": "Disabled. Activate in BiomeTweakerCore.",
  "Water Color": "16777215",
  "Temperature": 0.75,
  "Humidity": 0.1,
  "Water Tint": 16777215,
  "Enable Rain": true,
  "Enable Snow": false,
  "Dictionary Types": [
    "SANDY",
    "PLAINS",
    "DRY"
  ],
  "BiomeManager Entries": {},
  "Spawnable Creatures": [
    {
      "Entity Class": "net.minecraft.entity.passive.EntitySheep",
      "Weight": 12,
      "Min Group Count": 4,
      "Max Group Count": 4
    },
    {
      "Entity Class": "net.minecraft.entity.passive.EntityPig",
      "Weight": 10,
      "Min Group Count": 4,
      "Max Group Count": 4
    },
    {
      "Entity Class": "net.minecraft.entity.passive.EntityChicken",
      "Weight": 10,
      "Min Group Count": 4,
      "Max Group Count": 4
    },
    {
      "Entity Class": "net.minecraft.entity.passive.EntityCow",
      "Weight": 8,
      "Min Group Count": 4,
      "Max Group Count": 4
    },
    {
      "Entity Class": "net.minecraft.entity.passive.EntityHorse",
      "Weight": 5,
      "Min Group Count": 2,
      "Max Group Count": 6
    },
    {
      "Entity Class": "net.minecraft.entity.passive.EntityDonkey",
      "Weight": 1,
      "Min Group Count": 1,
      "Max Group Count": 1
    },
    {
      "Entity Class": "net.minecraft.entity.passive.EntityLlama",
      "Weight": 5,
      "Min Group Count": 4,
      "Max Group Count": 6
    },
    {
      "Entity Class": "net.minecraft.entity.passive.EntityRabbit",
      "Weight": 4,
      "Min Group Count": 2,
      "Max Group Count": 3
    },
    {
      "Entity Class": "com.animania.common.entities.horses.HorseDraft$EntityMareDraftHorse",
      "Weight": 8,
      "Min Group Count": 1,
      "Max Group Count": 2
    },
    {
      "Entity Class": "com.animania.common.entities.rodents.EntityHamster",
      "Weight": 8,
      "Min Group Count": 1,
      "Max Group Count": 2
    },
    {
      "Entity Class": "com.animania.common.entities.pigs.PigYorkshire$EntitySowYorkshire",
      "Weight": 4,
      "Min Group Count": 2,
      "Max Group Count": 2
    },
    {
      "Entity Class": "com.animania.common.entities.chickens.ChickenLeghorn$EntityHenLeghorn",
      "Weight": 9,
      "Min Group Count": 2,
      "Max Group Count": 2
    },
    {
      "Entity Class": "com.animania.common.entities.cows.CowFriesian$EntityCowFriesian",
      "Weight": 9,
      "Min Group Count": 2,
      "Max Group Count": 2
    },
    {
      "Entity Class": "com.animania.common.entities.goats.GoatAngora$EntityDoeAngora",
      "Weight": 4,
      "Min Group Count": 2,
      "Max Group Count": 2
    },
    {
      "Entity Class": "com.animania.common.entities.goats.GoatFainting$EntityDoeFainting",
      "Weight": 4,
      "Min Group Count": 2,
      "Max Group Count": 2
    },
    {
      "Entity Class": "com.animania.common.entities.goats.GoatNigerianDwarf$EntityDoeNigerianDwarf",
      "Weight": 8,
      "Min Group Count": 2,
      "Max Group Count": 2
    },
    {
      "Entity Class": "com.animania.common.entities.sheep.SheepFriesian$EntityEweFriesian",
      "Weight": 8,
      "Min Group Count": 2,
      "Max Group Count": 3
    },
    {
      "Entity Class": "com.animania.common.entities.sheep.SheepMerino$EntityEweMerino",
      "Weight": 8,
      "Min Group Count": 2,
      "Max Group Count": 3
    },
    {
      "Entity Class": "com.animania.common.entities.rodents.rabbits.RabbitDutch$EntityRabbitDoeDutch",
      "Weight": 4,
      "Min Group Count": 2,
      "Max Group Count": 2
    },
    {
      "Entity Class": "com.animania.common.entities.rodents.rabbits.RabbitJack$EntityRabbitDoeJack",
      "Weight": 8,
      "Min Group Count": 2,
      "Max Group Count": 2
    },
    {
      "Entity Class": "com.animania.common.entities.rodents.rabbits.RabbitLop$EntityRabbitDoeLop",
      "Weight": 4,
      "Min Group Count": 2,
      "Max Group Count": 2
    },
    {
      "Entity Class": "com.github.alexthe666.iceandfire.entity.EntityDeathWorm",
      "Weight": 2,
      "Min Group Count": 1,
      "Max Group Count": 3
    },
    {
      "Entity Class": "com.bewitchment.common.entity.living.EntityRaven",
      "Weight": 20,
      "Min Group Count": 1,
      "Max Group Count": 4
    },
    {
      "Entity Class": "com.bewitchment.common.entity.living.EntitySnake",
      "Weight": 20,
      "Min Group Count": 1,
      "Max Group Count": 4
    }
  ],
  "Spawnable Monsters": [
    {
      "Entity Class": "net.minecraft.entity.monster.EntitySpider",
      "Weight": 100,
      "Min Group Count": 4,
      "Max Group Count": 4
    },
    {
      "Entity Class": "net.minecraft.entity.monster.EntityZombie",
      "Weight": 95,
      "Min Group Count": 4,
      "Max Group Count": 4
    },
    {
      "Entity Class": "net.minecraft.entity.monster.EntityZombieVillager",
      "Weight": 5,
      "Min Group Count": 1,
      "Max Group Count": 1
    },
    {
      "Entity Class": "net.minecraft.entity.monster.EntitySkeleton",
      "Weight": 100,
      "Min Group Count": 4,
      "Max Group Count": 4
    },
    {
      "Entity Class": "net.minecraft.entity.monster.EntityCreeper",
      "Weight": 100,
      "Min Group Count": 4,
      "Max Group Count": 4
    },
    {
      "Entity Class": "net.minecraft.entity.monster.EntitySlime",
      "Weight": 100,
      "Min Group Count": 4,
      "Max Group Count": 4
    },
    {
      "Entity Class": "net.minecraft.entity.monster.EntityEnderman",
      "Weight": 10,
      "Min Group Count": 1,
      "Max Group Count": 4
    },
    {
      "Entity Class": "vazkii.quark.world.entity.EntityStoneling",
      "Weight": 80,
      "Min Group Count": 1,
      "Max Group Count": 1
    },
    {
      "Entity Class": "vazkii.quark.world.entity.EntityDweller",
      "Weight": 30,
      "Min Group Count": 1,
      "Max Group Count": 2
    },
    {
      "Entity Class": "vazkii.quark.world.entity.EntityAshen",
      "Weight": 30,
      "Min Group Count": 1,
      "Max Group Count": 2
    },
    {
      "Entity Class": "betterwithaddons.entity.EntityKarateZombie",
      "Weight": 40,
      "Min Group Count": 1,
      "Max Group Count": 4
    },
    {
      "Entity Class": "com.github.alexthe666.rats.server.entity.EntityRat",
      "Weight": 80,
      "Min Group Count": 1,
      "Max Group Count": 3
    },
    {
      "Entity Class": "com.github.alexthe666.rats.server.entity.EntityIllagerPiper",
      "Weight": 6,
      "Min Group Count": 1,
      "Max Group Count": 1
    },
    {
      "Entity Class": "com.bewitchment.common.entity.spirit.ghost.EntityBlackDog",
      "Weight": 6,
      "Min Group Count": 1,
      "Max Group Count": 4
    },
    {
      "Entity Class": "com.bobmowzie.mowziesmobs.server.entity.grottol.EntityGrottol",
      "Weight": 2,
      "Min Group Count": 1,
      "Max Group Count": 1
    }
  ],
  "Spawnable Water Creatures": [
    {
      "Entity Class": "net.minecraft.entity.passive.EntitySquid",
      "Weight": 10,
      "Min Group Count": 4,
      "Max Group Count": 4
    }
  ],
  "Spawnable Cave Creatures": [
    {
      "Entity Class": "net.minecraft.entity.passive.EntityBat",
      "Weight": 10,
      "Min Group Count": 8,
      "Max Group Count": 8
    }
  ],
  "Spawn Biome": false,
  "Tweaked": false,
  "BOP Generators": {
    "DEAD_BUSH Generators": [
      {
        "ID": "flora",
        "Name": "dead_bushes"
      }
    ],
    "FLOWERS Generators": [
      {
        "ID": "flora",
        "Name": "glowshrooms"
      },
      {
        "ID": "flora",
        "Name": "miners_delight"
      },
      {
        "ID": "flora",
        "Name": "roots"
      }
    ],
    "GRASS Generators": [
      {
        "ID": "weighted",
        "Name": "grass"
      },
      {
        "ID": "grass",
        "Name": "desertgrass"
      }
    ],
    "SAND Generators": [
      {
        "ID": "ore_single",
        "Name": "ruby"
      }
    ],
    "SAND_PASS2 Generators": [
      {
        "ID": "waterside",
        "Name": "sand"
      }
    ]
  },
  "BOP Owner": "BIOMESOPLENTY",
  "BOP Weight Map": {
    "DRY_TEMPERATE": 5
  },
  "BOP Climate Weights": {
    "DRY_TEMPERATE": [
      5
    ]
  },
  "BOP Island Weight": 0
}