
{
  "ID": 5,
  "Name": "Taiga",
  "Resource Location": "minecraft:taiga",
  "Class": "net.minecraft.world.biome.BiomeTaiga",
  "Root Height": 0.2,
  "Height Variation": 0.2,
  "Top Block": "minecraft:grass[snowy\u003dfalse]",
  "Filler Block": "minecraft:dirt[snowy\u003dfalse,variant\u003ddirt]",
  "Ocean Top Block": "Disabled. Activate in BiomeTweakerCore.",
  "Ocean Filler Block": "Disabled. Activate in BiomeTweakerCore.",
  "Actual Filler Blocks": "Disabled. Activate in BiomeTweakerCore.",
  "Grass Color": "Disabled. Activate in BiomeTweakerCore.",
  "Foliage Color": "Disabled. Activate in BiomeTweakerCore.",
  "Water Color": "16777215",
  "Temperature": 0.25,
  "Humidity": 0.8,
  "Water Tint": 16777215,
  "Enable Rain": true,
  "Enable Snow": false,
  "Dictionary Types": [
    "FOREST",
    "CONIFEROUS",
    "COLD"
  ],
  "BiomeManager Entries": {
    "COOL Weights": [
      10
    ]
  },
  "Spawnable Creatures": [
    {
      "Entity Class": "net.minecraft.entity.passive.EntitySheep",
      "Weight": 12,
      "Min Group Count": 4,
      "Max Group Count": 4
    },
    {
      "Entity Class": "net.minecraft.entity.passive.EntityPig",
      "Weight": 10,
      "Min Group Count": 4,
      "Max Group Count": 4
    },
    {
      "Entity Class": "net.minecraft.entity.passive.EntityChicken",
      "Weight": 10,
      "Min Group Count": 4,
      "Max Group Count": 4
    },
    {
      "Entity Class": "net.minecraft.entity.passive.EntityCow",
      "Weight": 8,
      "Min Group Count": 4,
      "Max Group Count": 4
    },
    {
      "Entity Class": "net.minecraft.entity.passive.EntityWolf",
      "Weight": 8,
      "Min Group Count": 4,
      "Max Group Count": 4
    },
    {
      "Entity Class": "net.minecraft.entity.passive.EntityRabbit",
      "Weight": 4,
      "Min Group Count": 2,
      "Max Group Count": 3
    },
    {
      "Entity Class": "com.animania.common.entities.rodents.EntityHedgehog",
      "Weight": 8,
      "Min Group Count": 1,
      "Max Group Count": 2
    },
    {
      "Entity Class": "com.animania.common.entities.pigs.PigOldSpot$EntitySowOldSpot",
      "Weight": 9,
      "Min Group Count": 2,
      "Max Group Count": 2
    },
    {
      "Entity Class": "com.animania.common.entities.pigs.PigLargeWhite$EntitySowLargeWhite",
      "Weight": 9,
      "Min Group Count": 2,
      "Max Group Count": 2
    },
    {
      "Entity Class": "com.animania.common.entities.chickens.ChickenWyandotte$EntityHenWyandotte",
      "Weight": 9,
      "Min Group Count": 2,
      "Max Group Count": 2
    },
    {
      "Entity Class": "com.animania.common.entities.chickens.ChickenRhodeIslandRed$EntityHenRhodeIslandRed",
      "Weight": 9,
      "Min Group Count": 2,
      "Max Group Count": 2
    },
    {
      "Entity Class": "com.animania.common.entities.cows.CowHolstein$EntityCowHolstein",
      "Weight": 9,
      "Min Group Count": 2,
      "Max Group Count": 2
    },
    {
      "Entity Class": "com.animania.common.entities.amphibians.EntityToad",
      "Weight": 18,
      "Min Group Count": 2,
      "Max Group Count": 2
    },
    {
      "Entity Class": "com.animania.common.entities.amphibians.EntityDartFrogs",
      "Weight": 18,
      "Min Group Count": 2,
      "Max Group Count": 2
    },
    {
      "Entity Class": "com.animania.common.entities.sheep.SheepJacob$EntityEweJacob",
      "Weight": 8,
      "Min Group Count": 2,
      "Max Group Count": 3
    },
    {
      "Entity Class": "com.animania.common.entities.rodents.rabbits.RabbitCottonail$EntityRabbitDoeCottontail",
      "Weight": 8,
      "Min Group Count": 2,
      "Max Group Count": 2
    },
    {
      "Entity Class": "com.animania.common.entities.rodents.rabbits.RabbitNewZealand$EntityRabbitDoeNewZealand",
      "Weight": 8,
      "Min Group Count": 2,
      "Max Group Count": 2
    },
    {
      "Entity Class": "com.animania.common.entities.rodents.rabbits.RabbitLop$EntityRabbitDoeLop",
      "Weight": 4,
      "Min Group Count": 2,
      "Max Group Count": 2
    },
    {
      "Entity Class": "com.bewitchment.common.entity.living.EntityLizard",
      "Weight": 20,
      "Min Group Count": 1,
      "Max Group Count": 4
    },
    {
      "Entity Class": "com.bewitchment.common.entity.living.EntityOwl",
      "Weight": 20,
      "Min Group Count": 1,
      "Max Group Count": 4
    }
  ],
  "Spawnable Monsters": [
    {
      "Entity Class": "net.minecraft.entity.monster.EntitySpider",
      "Weight": 100,
      "Min Group Count": 4,
      "Max Group Count": 4
    },
    {
      "Entity Class": "net.minecraft.entity.monster.EntityZombie",
      "Weight": 95,
      "Min Group Count": 4,
      "Max Group Count": 4
    },
    {
      "Entity Class": "net.minecraft.entity.monster.EntityZombieVillager",
      "Weight": 5,
      "Min Group Count": 1,
      "Max Group Count": 1
    },
    {
      "Entity Class": "net.minecraft.entity.monster.EntitySkeleton",
      "Weight": 100,
      "Min Group Count": 4,
      "Max Group Count": 4
    },
    {
      "Entity Class": "net.minecraft.entity.monster.EntityCreeper",
      "Weight": 100,
      "Min Group Count": 4,
      "Max Group Count": 4
    },
    {
      "Entity Class": "net.minecraft.entity.monster.EntitySlime",
      "Weight": 100,
      "Min Group Count": 4,
      "Max Group Count": 4
    },
    {
      "Entity Class": "net.minecraft.entity.monster.EntityEnderman",
      "Weight": 10,
      "Min Group Count": 1,
      "Max Group Count": 4
    },
    {
      "Entity Class": "teamroots.embers.entity.EntityAncientGolem",
      "Weight": 25,
      "Min Group Count": 1,
      "Max Group Count": 1
    },
    {
      "Entity Class": "vazkii.quark.world.entity.EntityStoneling",
      "Weight": 80,
      "Min Group Count": 1,
      "Max Group Count": 1
    },
    {
      "Entity Class": "vazkii.quark.world.entity.EntityDweller",
      "Weight": 30,
      "Min Group Count": 1,
      "Max Group Count": 2
    },
    {
      "Entity Class": "vazkii.quark.world.entity.EntityAshen",
      "Weight": 30,
      "Min Group Count": 1,
      "Max Group Count": 2
    },
    {
      "Entity Class": "betterwithaddons.entity.EntityKarateZombie",
      "Weight": 40,
      "Min Group Count": 1,
      "Max Group Count": 4
    },
    {
      "Entity Class": "com.github.alexthe666.iceandfire.entity.EntityTroll",
      "Weight": 40,
      "Min Group Count": 1,
      "Max Group Count": 1
    },
    {
      "Entity Class": "com.github.alexthe666.rats.server.entity.EntityRat",
      "Weight": 80,
      "Min Group Count": 1,
      "Max Group Count": 3
    },
    {
      "Entity Class": "com.github.alexthe666.rats.server.entity.EntityIllagerPiper",
      "Weight": 6,
      "Min Group Count": 1,
      "Max Group Count": 1
    },
    {
      "Entity Class": "com.bewitchment.common.entity.spirit.ghost.EntityBlackDog",
      "Weight": 6,
      "Min Group Count": 1,
      "Max Group Count": 4
    },
    {
      "Entity Class": "thaumcraft.common.entities.monster.EntityBrainyZombie",
      "Weight": 10,
      "Min Group Count": 1,
      "Max Group Count": 1
    },
    {
      "Entity Class": "com.bobmowzie.mowziesmobs.server.entity.grottol.EntityGrottol",
      "Weight": 2,
      "Min Group Count": 1,
      "Max Group Count": 1
    }
  ],
  "Spawnable Water Creatures": [
    {
      "Entity Class": "net.minecraft.entity.passive.EntitySquid",
      "Weight": 10,
      "Min Group Count": 4,
      "Max Group Count": 4
    }
  ],
  "Spawnable Cave Creatures": [
    {
      "Entity Class": "net.minecraft.entity.passive.EntityBat",
      "Weight": 10,
      "Min Group Count": 8,
      "Max Group Count": 8
    }
  ],
  "Spawn Biome": true,
  "Tweaked": false,
  "BOP Generators": {
    "FLOWERS Generators": [
      {
        "ID": "flora",
        "Name": "glowshrooms"
      },
      {
        "ID": "weighted",
        "Name": "flowers"
      },
      {
        "ID": "flora",
        "Name": "miners_delight"
      },
      {
        "ID": "flora",
        "Name": "roots"
      }
    ],
    "GRASS Generators": [
      {
        "ID": "weighted",
        "Name": "grass"
      }
    ],
    "SAND Generators": [
      {
        "ID": "ore_single",
        "Name": "tanzanite"
      }
    ]
  },
  "BOP Owner": "OTHER",
  "BOP Weight Map": {},
  "BOP Climate Weights": {
    "BOREAL": [
      20
    ]
  },
  "BOP Island Weight": 0
}